{"cameraMode":{"drawMode":0,"name":"Shaded","section":"Shading Mode"},"sceneLighting":false,"audioPlay":false,"sceneViewState":{"showFog":true,"showMaterialUpdate":true,"showSkybox":false,"showFlares":true,"showImageEffects":true,"showParticleSystems":true},"in2DMode":false,"pivot":{"x":-0.0000019073486328125,"y":0.23215316236019135,"z":0.0},"rotation":{"x":-0.43670183420181277,"y":-0.5510558485984802,"z":0.41878095269203188,"w":-0.5747197270393372},"size":14.141680717468262,"orthographic":false}