{"cameraMode":{"drawMode":0,"name":"Shaded","section":"Shading Mode"},"sceneLighting":false,"audioPlay":false,"sceneViewState":{"showFog":true,"showMaterialUpdate":true,"showSkybox":false,"showFlares":true,"showImageEffects":true,"showParticleSystems":true},"in2DMode":false,"pivot":{"x":0.08742892742156983,"y":0.062052950263023379,"z":-0.0121690072119236},"rotation":{"x":-0.04972724989056587,"y":-0.7095590233802795,"z":0.05032763630151749,"w":-0.7010883092880249},"size":0.3953031301498413,"orthographic":false}