{"cameraMode":{"drawMode":0,"name":"Shaded","section":"Shading Mode"},"sceneLighting":false,"audioPlay":false,"sceneViewState":{"showFog":true,"showMaterialUpdate":true,"showSkybox":true,"showFlares":true,"showImageEffects":true,"showParticleSystems":true},"in2DMode":false,"pivot":{"x":56.146934509277347,"y":-13.606046676635743,"z":-14.291983604431153},"rotation":{"x":-0.10033673793077469,"y":-0.7735875844955444,"z":0.12667520344257356,"w":-0.612743079662323},"size":28.086807250976564,"orthographic":false}