{"cameraMode":{"drawMode":0,"name":"Shaded","section":"Shading Mode"},"sceneLighting":false,"audioPlay":false,"sceneViewState":{"showFog":true,"showMaterialUpdate":true,"showSkybox":false,"showFlares":true,"showImageEffects":true,"showParticleSystems":true},"in2DMode":false,"pivot":{"x":-0.007526989094913006,"y":0.31994450092315676,"z":0.29284292459487917},"rotation":{"x":-0.02546168863773346,"y":-0.9481909871101379,"z":0.07869923114776612,"w":-0.30675938725471499},"size":0.27486854791641238,"orthographic":false}