{"cameraMode":{"drawMode":0,"name":"Shaded","section":"Shading Mode"},"sceneLighting":true,"audioPlay":false,"sceneViewState":{"showFog":true,"showMaterialUpdate":true,"showSkybox":true,"showFlares":true,"showImageEffects":true,"showParticleSystems":true},"in2DMode":false,"pivot":{"x":2.563697099685669,"y":-2.9275317192077638,"z":-6.075382709503174},"rotation":{"x":-0.10582619905471802,"y":-0.8941658139228821,"z":0.3050861060619354,"w":-0.3101693391799927},"size":7.081169128417969,"orthographic":false}