{"cameraMode":{"drawMode":0,"name":"Shaded","section":"Shading Mode"},"sceneLighting":false,"audioPlay":false,"sceneViewState":{"showFog":true,"showMaterialUpdate":true,"showSkybox":true,"showFlares":true,"showImageEffects":true,"showParticleSystems":true},"in2DMode":false,"pivot":{"x":2.3468174934387209,"y":-5.897315502166748,"z":-6.124235153198242},"rotation":{"x":-0.09452696144580841,"y":-0.9027321934700012,"z":0.2574453353881836,"w":-0.3314609229564667},"size":9.645353317260743,"orthographic":false}