{"cameraMode":{"drawMode":0,"name":"Shaded","section":"Shading Mode"},"sceneLighting":false,"audioPlay":false,"sceneViewState":{"showFog":true,"showMaterialUpdate":true,"showSkybox":false,"showFlares":true,"showImageEffects":true,"showParticleSystems":true},"in2DMode":false,"pivot":{"x":-0.08884367346763611,"y":-0.013394419103860855,"z":-0.00520702451467514},"rotation":{"x":-0.053659580647945407,"y":-0.758428692817688,"z":0.06294849514961243,"w":-0.6464945077896118},"size":0.09404253959655762,"orthographic":false}