{"cameraMode":{"drawMode":0,"name":"Shaded","section":"Shading Mode"},"sceneLighting":false,"audioPlay":false,"sceneViewState":{"showFog":true,"showMaterialUpdate":true,"showSkybox":true,"showFlares":true,"showImageEffects":true,"showParticleSystems":true},"in2DMode":false,"pivot":{"x":333.09930419921877,"y":-274.92718505859377,"z":597.5154418945313},"rotation":{"x":0.18502311408519746,"y":0.24714116752147675,"z":-0.048007138073444369,"w":0.9500587582588196},"size":960.966552734375,"orthographic":false}