{"cameraMode":{"drawMode":0,"name":"Shaded","section":"Shading Mode"},"sceneLighting":false,"audioPlay":false,"sceneViewState":{"showFog":true,"showMaterialUpdate":true,"showSkybox":true,"showFlares":true,"showImageEffects":true,"showParticleSystems":true},"in2DMode":false,"pivot":{"x":16.20151138305664,"y":-15.615671157836914,"z":47.86281204223633},"rotation":{"x":-0.15596099197864533,"y":-0.1227097362279892,"z":0.019477427005767823,"w":-0.9800229072570801},"size":31.277219772338868,"orthographic":false}