{"cameraMode":{"drawMode":0,"name":"Shaded","section":"Shading Mode"},"sceneLighting":false,"audioPlay":false,"sceneViewState":{"showFog":true,"showMaterialUpdate":true,"showSkybox":false,"showFlares":true,"showImageEffects":true,"showParticleSystems":true},"in2DMode":false,"pivot":{"x":0.00027060508728027344,"y":-1.5237104892730713,"z":-0.47385650873184206},"rotation":{"x":-0.03708183392882347,"y":0.8045065402984619,"z":-0.5906656384468079,"w":-0.050507090985774997},"size":2.1214380264282228,"orthographic":false}