{"cameraMode":{"drawMode":0,"name":"Shaded","section":"Shading Mode"},"sceneLighting":true,"audioPlay":false,"sceneViewState":{"showFog":true,"showMaterialUpdate":true,"showSkybox":true,"showFlares":true,"showImageEffects":true,"showParticleSystems":true},"in2DMode":false,"pivot":{"x":-4.756701469421387,"y":-1.7064132690429688,"z":6.81675910949707},"rotation":{"x":-0.2129828780889511,"y":0.040141381323337558,"z":-0.008756658062338829,"w":-0.976197361946106},"size":6.476238250732422,"orthographic":false}