{"cameraMode":{"drawMode":0,"name":"Shaded","section":"Shading Mode"},"sceneLighting":false,"audioPlay":false,"sceneViewState":{"showFog":true,"showMaterialUpdate":true,"showSkybox":true,"showFlares":true,"showImageEffects":true,"showParticleSystems":true},"in2DMode":false,"pivot":{"x":334.3349304199219,"y":-274.92694091796877,"z":596.8258666992188},"rotation":{"x":0.18502311408519746,"y":0.24714116752147675,"z":-0.048007138073444369,"w":0.9500587582588196},"size":435.1260070800781,"orthographic":false}