{"cameraMode":{"drawMode":0,"name":"Shaded","section":"Shading Mode"},"sceneLighting":false,"audioPlay":false,"sceneViewState":{"showFog":true,"showMaterialUpdate":true,"showSkybox":false,"showFlares":true,"showImageEffects":true,"showParticleSystems":true},"in2DMode":false,"pivot":{"x":-5.671422958374023,"y":-6.47224760055542,"z":-7.074483394622803},"rotation":{"x":0.10140873491764069,"y":-0.8981513977050781,"z":0.2870160937309265,"w":0.31731006503105166},"size":5.90595817565918,"orthographic":false}