{"cameraMode":{"drawMode":0,"name":"Shaded","section":"Shading Mode"},"sceneLighting":true,"audioPlay":false,"sceneViewState":{"showFog":true,"showMaterialUpdate":true,"showSkybox":true,"showFlares":true,"showImageEffects":true,"showParticleSystems":true},"in2DMode":false,"pivot":{"x":96.1036148071289,"y":-8.580913543701172,"z":-2.2758948802948},"rotation":{"x":-0.03273898363113403,"y":-0.7137162089347839,"z":0.03343256190419197,"w":-0.6988765597343445},"size":51.425048828125,"orthographic":false}