{"cameraMode":{"drawMode":0,"name":"Shaded","section":"Shading Mode"},"sceneLighting":false,"audioPlay":false,"sceneViewState":{"showFog":true,"showMaterialUpdate":true,"showSkybox":false,"showFlares":true,"showImageEffects":true,"showParticleSystems":true},"in2DMode":false,"pivot":{"x":-7.75511360168457,"y":2.8321309089660646,"z":0.919819712638855},"rotation":{"x":-0.0835081934928894,"y":-0.6506302952766419,"z":-0.07231290638446808,"w":0.7513329386711121},"size":4.766025543212891,"orthographic":false}