{"cameraMode":{"drawMode":0,"name":"Shaded","section":"Shading Mode"},"sceneLighting":false,"audioPlay":false,"sceneViewState":{"showFog":true,"showMaterialUpdate":true,"showSkybox":false,"showFlares":true,"showImageEffects":true,"showParticleSystems":true},"in2DMode":false,"pivot":{"x":0.8816832304000855,"y":-1.370487928390503,"z":-0.021882526576519014},"rotation":{"x":-0.3138613700866699,"y":-0.6413058638572693,"z":0.3244013786315918,"w":-0.6204800605773926},"size":1.1059575080871583,"orthographic":false}