{"cameraMode":{"drawMode":0,"name":"Shaded","section":"Shading Mode"},"sceneLighting":false,"audioPlay":false,"sceneViewState":{"showFog":true,"showMaterialUpdate":true,"showSkybox":false,"showFlares":true,"showImageEffects":true,"showParticleSystems":true},"in2DMode":false,"pivot":{"x":0.20622237026691438,"y":1.1327227354049683,"z":1.006667971611023},"rotation":{"x":-0.4398597478866577,"y":-0.5407822132110596,"z":0.39954468607902529,"w":-0.595353901386261},"size":0.7030121684074402,"orthographic":false}