{"cameraMode":{"drawMode":0,"name":"Shaded","section":"Shading Mode"},"sceneLighting":true,"audioPlay":false,"sceneViewState":{"showFog":true,"showMaterialUpdate":true,"showSkybox":true,"showFlares":true,"showImageEffects":true,"showParticleSystems":true},"in2DMode":false,"pivot":{"x":-15.717145919799805,"y":-1.2320045232772828,"z":-9.531137466430664},"rotation":{"x":-0.019291240721940995,"y":0.8746813535690308,"z":-0.034924834966659549,"w":-0.4830765426158905},"size":10.628679275512696,"orthographic":false}