{"cameraMode":{"drawMode":0,"name":"Shaded","section":"Shading Mode"},"sceneLighting":false,"audioPlay":false,"sceneViewState":{"showFog":true,"showMaterialUpdate":true,"showSkybox":false,"showFlares":true,"showImageEffects":true,"showParticleSystems":true},"in2DMode":false,"pivot":{"x":-3.787921905517578,"y":-1.411810278892517,"z":3.3132786750793459},"rotation":{"x":0.23025192320346833,"y":-0.4542365074157715,"z":0.12278913706541062,"w":0.8518193960189819},"size":3.716158628463745,"orthographic":false}