{"cameraMode":{"drawMode":0,"name":"Shaded","section":"Shading Mode"},"sceneLighting":true,"audioPlay":false,"sceneViewState":{"showFog":true,"showMaterialUpdate":true,"showSkybox":true,"showFlares":true,"showImageEffects":true,"showParticleSystems":true},"in2DMode":false,"pivot":{"x":7.560203552246094,"y":-0.5354037880897522,"z":5.1765546798706059},"rotation":{"x":0.04638481140136719,"y":0.5187790393829346,"z":-0.02819841355085373,"w":0.8531944155693054},"size":5.858202934265137,"orthographic":false}