{"cameraMode":{"drawMode":0,"name":"Shaded","section":"Shading Mode"},"sceneLighting":false,"audioPlay":false,"sceneViewState":{"showFog":true,"showMaterialUpdate":true,"showSkybox":true,"showFlares":true,"showImageEffects":true,"showParticleSystems":true},"in2DMode":false,"pivot":{"x":-301.1118469238281,"y":-246.09381103515626,"z":536.4727172851563},"rotation":{"x":0.18213126063346864,"y":-0.24682825803756715,"z":0.04741968959569931,"w":0.950721800327301},"size":394.6969909667969,"orthographic":false}