{"cameraMode":{"drawMode":0,"name":"Shaded","section":"Shading Mode"},"sceneLighting":true,"audioPlay":false,"sceneViewState":{"showFog":true,"showMaterialUpdate":true,"showSkybox":true,"showFlares":true,"showImageEffects":true,"showParticleSystems":true},"in2DMode":false,"pivot":{"x":106.9715347290039,"y":69.99275970458985,"z":115.2535171508789},"rotation":{"x":-0.1363028734922409,"y":0.18490733206272126,"z":0.025910351425409318,"w":0.9729295969009399},"size":114.54617309570313,"orthographic":false}