{"cameraMode":{"drawMode":0,"name":"Shaded","section":"Shading Mode"},"sceneLighting":false,"audioPlay":false,"sceneViewState":{"showFog":true,"showMaterialUpdate":true,"showSkybox":false,"showFlares":true,"showImageEffects":true,"showParticleSystems":true},"in2DMode":false,"pivot":{"x":67.43231201171875,"y":-20.279273986816408,"z":68.30868530273438},"rotation":{"x":-0.027780894190073015,"y":-0.8049111366271973,"z":0.037659745663404468,"w":-0.5916637182235718},"size":169.74095153808595,"orthographic":false}