{"cameraMode":{"drawMode":0,"name":"Shaded","section":"Shading Mode"},"sceneLighting":false,"audioPlay":false,"sceneViewState":{"showFog":true,"showMaterialUpdate":false,"showSkybox":false,"showFlares":true,"showImageEffects":true,"showParticleSystems":true},"in2DMode":false,"pivot":{"x":-1.2323309183120728,"y":0.045667752623558047,"z":-0.7052314281463623},"rotation":{"x":-0.07565674930810929,"y":0.8865007162094116,"z":-0.1563839614391327,"w":-0.4288841187953949},"size":2.11641788482666,"orthographic":false}