{"cameraMode":{"drawMode":0,"name":"Shaded","section":"Shading Mode"},"sceneLighting":true,"audioPlay":false,"sceneViewState":{"showFog":true,"showMaterialUpdate":true,"showSkybox":true,"showFlares":true,"showImageEffects":true,"showParticleSystems":true},"in2DMode":false,"pivot":{"x":5.846505641937256,"y":0.6174260377883911,"z":0.5283606052398682},"rotation":{"x":0.08196370303630829,"y":0.5935320258140564,"z":-0.060934264212846759,"w":0.7983192205429077},"size":5.25820255279541,"orthographic":false}