{"cameraMode":{"drawMode":0,"name":"Shaded","section":"Shading Mode"},"sceneLighting":false,"audioPlay":false,"sceneViewState":{"showFog":true,"showMaterialUpdate":true,"showSkybox":true,"showFlares":true,"showImageEffects":true,"showParticleSystems":true},"in2DMode":false,"pivot":{"x":-12.306458473205567,"y":-211.19894409179688,"z":53.339500427246097},"rotation":{"x":0.6067047119140625,"y":0.06324396282434464,"z":-0.04857534542679787,"w":0.7909868955612183},"size":140.0946807861328,"orthographic":false}