{"cameraMode":{"drawMode":0,"name":"Shaded","section":"Shading Mode"},"sceneLighting":false,"audioPlay":false,"sceneViewState":{"showFog":true,"showMaterialUpdate":true,"showSkybox":true,"showFlares":true,"showImageEffects":true,"showParticleSystems":true},"in2DMode":false,"pivot":{"x":30.370481491088868,"y":-13.488130569458008,"z":-20.26108741760254},"rotation":{"x":-0.1033928319811821,"y":-0.8898792862892151,"z":0.2508958578109741,"w":-0.3667190372943878},"size":17.02361488342285,"orthographic":false}