{"cameraMode":{"drawMode":0,"name":"Shaded","section":"Shading Mode"},"sceneLighting":false,"audioPlay":false,"sceneViewState":{"showFog":true,"showMaterialUpdate":true,"showSkybox":true,"showFlares":true,"showImageEffects":true,"showParticleSystems":true},"in2DMode":false,"pivot":{"x":2.1951394081115724,"y":-2.0874295234680177,"z":9.929184913635254},"rotation":{"x":-0.2216227948665619,"y":-0.12401757389307022,"z":0.028377166017889978,"w":-0.9669046401977539},"size":9.73653793334961,"orthographic":false}