{"cameraMode":{"drawMode":0,"name":"Shaded","section":"Shading Mode"},"sceneLighting":false,"audioPlay":false,"sceneViewState":{"showFog":true,"showMaterialUpdate":true,"showSkybox":true,"showFlares":true,"showImageEffects":true,"showParticleSystems":true},"in2DMode":false,"pivot":{"x":47.1744270324707,"y":-60.73719024658203,"z":59.24351501464844},"rotation":{"x":0.3135020136833191,"y":0.3066650927066803,"z":-0.10762343555688858,"w":0.8923689126968384},"size":60.91606140136719,"orthographic":false}