{"cameraMode":{"drawMode":0,"name":"Shaded","section":"Shading Mode"},"sceneLighting":false,"audioPlay":false,"sceneViewState":{"showFog":true,"showMaterialUpdate":true,"showSkybox":false,"showFlares":true,"showImageEffects":true,"showParticleSystems":true},"in2DMode":false,"pivot":{"x":4.973891735076904,"y":-8.753094673156739,"z":0.3514072000980377},"rotation":{"x":-0.37566277384757998,"y":-0.5847012996673584,"z":0.3495306968688965,"w":-0.6283784508705139},"size":5.737113952636719,"orthographic":false}